session,n_samples,accuracy,balanced_accuracy,macro_f1
-1,21,0.7619047619047619,0.5222222222222223,0.49382716049382713
-2,20,0.85,0.5163398692810457,0.49350649350649345
-4,9,0.6666666666666666,0.5714285714285715,0.41111111111111115
-5,12,0.9166666666666666,0.6666666666666666,0.6
-7,13,0.5384615384615384,0.1794871794871795,0.2333333333333333
