session,n_samples,accuracy,balanced_accuracy,macro_f1
-1,34,0.7058823529411765,0.39166666666666666,0.42835595776772245
-2,39,0.6923076923076923,0.32123655913978494,0.34490740740740744
-4,14,0.8571428571428571,0.6666666666666666,0.5
-5,17,0.6470588235294118,0.28205128205128205,0.2619047619047619
-7,15,0.9333333333333333,0.3111111111111111,0.3218390804597701
