accuracy,balanced_accuracy,macro_f1,rho_pearson,p_value,confusion_matrix
0.7394957983193278,0.518963922294172,0.42320448607086975,0.11301486921212156,0.22104333893791903,"[[1, 1, 0], [11, 83, 0], [3, 16, 4]]"
