accuracy,balanced_accuracy,macro_f1,rho_pearson,p_value,chi2_stat,chi2_p,ece,confusion_matrix
0.7226890756302521,0.4582176996608079,0.42729117876658856,0.20816340722073917,0.023100290691036928,20.438532749389285,0.0004090660750675134,0.32758412873954434,"[[0, 0, 2], [0, 72, 22], [0, 9, 14]]"
