session,n_samples,accuracy,balanced_accuracy,macro_f1
-1,34,0.7058823529411765,0.4694444444444444,0.452020202020202
-2,39,0.7948717948717948,0.456989247311828,0.456989247311828
-4,14,0.5714285714285714,0.37878787878787873,0.3289473684210526
-5,17,0.8235294117647058,0.5299145299145299,0.4981684981684982
-7,15,0.6,0.19999999999999998,0.25
