accuracy,balanced_accuracy,macro_f1,roc_auc_ovr_macro,rho_pearson,p_value,confusion_matrix
0.7226890756302521,0.4582176996608079,0.42729117876658856,0.7374353209147381,0.20816340722073917,0.023100290691036928,"[[0, 0, 2], [0, 72, 22], [0, 9, 14]]"
