dataset,role,n_cases,avg_words_per_case,std_words_per_case,avg_tokens_per_case,std_tokens_per_case
Train,therapist,273,329.8241758241758,261.22028064437325,423.34065934065933,334.8686217628094
Train,patient,273,1912.3443223443223,1065.9217023690424,2489.8571428571427,1433.896353466878
Test,therapist,73,3313.150684931507,2336.8961716388,4189.808219178082,2940.336653251289
Test,patient,73,3010.904109589041,1701.2091361886123,3861.095890410959,2174.4409211501134
