session,n_samples,accuracy,balanced_accuracy,macro_f1
1,34,0.7058823529411765,0.4694444444444444,0.452020202020202
2,39,0.7948717948717948,0.456989247311828,0.456989247311828
